text,image
grinning face emoji,Apple0.png
grinning face with big eyes emoji,Apple1.png
grinning face with smiling eyes emoji,Apple2.png
beaming face with smiling eyes emoji,Apple3.png
grinning squinting face emoji,Apple4.png
grinning face with sweat emoji,Apple5.png
rolling on the floor laughing emoji,Apple6.png
face with tears of joy emoji,Apple7.png
slightly smiling face emoji,Apple8.png
upside-down face emoji,Apple9.png
winking face emoji,Apple10.png
smiling face with smiling eyes emoji,Apple11.png
smiling face with halo emoji,Apple12.png
smiling face with hearts emoji,Apple13.png
smiling face with heart-eyes emoji,Apple14.png
star-struck emoji,Apple15.png
face blowing a kiss emoji,Apple16.png
kissing face emoji,Apple17.png
smiling face emoji,Apple18.png
kissing face with closed eyes emoji,Apple19.png
kissing face with smiling eyes emoji,Apple20.png
smiling face with tear emoji,Apple21.png
face savoring food emoji,Apple22.png
face with tongue emoji,Apple23.png
winking face with tongue emoji,Apple24.png
zany face emoji,Apple25.png
squinting face with tongue emoji,Apple26.png
money-mouth face emoji,Apple27.png
hugging face emoji,Apple28.png
face with hand over mouth emoji,Apple29.png
thinking face emoji,Apple30.png
zipper-mouth face emoji,Apple31.png
face with raised eyebrow emoji,Apple32.png
neutral face emoji,Apple33.png
expressionless face emoji,Apple34.png
face without mouth emoji,Apple35.png
face in clouds emoji,Apple36.png
smirking face emoji,Apple37.png
unamused face emoji,Apple38.png
face with rolling eyes emoji,Apple39.png
grimacing face emoji,Apple40.png
face exhaling emoji,Apple41.png
lying face emoji,Apple42.png
relieved face emoji,Apple43.png
pensive face emoji,Apple44.png
sleepy face emoji,Apple45.png
drooling face emoji,Apple46.png
sleeping face emoji,Apple47.png
face with medical mask emoji,Apple48.png
face with thermometer emoji,Apple49.png
nauseated face emoji,Apple50.png
face vomiting emoji,Apple51.png
hot face emoji,Apple52.png
cold face emoji,Apple53.png
woozy face emoji,Apple54.png
knocked-out face emoji,Apple55.png
face with spiral eyes emoji,Apple56.png
exploding head emoji,Apple57.png
cowboy hat face emoji,Apple58.png
partying face emoji,Apple59.png
disguised face emoji,Apple60.png
smiling face with sunglasses emoji,Apple61.png
nerd face emoji,Apple62.png
face with monocle emoji,Apple63.png
confused face emoji,Apple64.png
worried face emoji,Apple65.png
slightly frowning face emoji,Apple66.png
frowning face emoji,Apple67.png
face with open mouth emoji,Apple68.png
hushed face emoji,Apple69.png
astonished face emoji,Apple70.png
flushed face emoji,Apple71.png
pleading face emoji,Apple72.png
anguished face emoji,Apple73.png
fearful face emoji,Apple74.png
anxious face with sweat emoji,Apple75.png
sad but relieved face emoji,Apple76.png
crying face emoji,Apple77.png
loudly crying face emoji,Apple78.png
face screaming in fear emoji,Apple79.png
confounded face emoji,Apple80.png
persevering face emoji,Apple81.png
disappointed face emoji,Apple82.png
downcast face with sweat emoji,Apple83.png
weary face emoji,Apple84.png
tired face emoji,Apple85.png
yawning face emoji,Apple86.png
face with steam from nose emoji,Apple87.png
pouting face emoji,Apple88.png
angry face emoji,Apple89.png
face with symbols on mouth emoji,Apple90.png
smiling face with horns emoji,Apple91.png
angry face with horns emoji,Apple92.png
grinning face emoji,Google0.png
grinning face with big eyes emoji,Google1.png
grinning face with smiling eyes emoji,Google2.png
beaming face with smiling eyes emoji,Google3.png
grinning squinting face emoji,Google4.png
grinning face with sweat emoji,Google5.png
rolling on the floor laughing emoji,Google6.png
face with tears of joy emoji,Google7.png
slightly smiling face emoji,Google8.png
upside-down face emoji,Google9.png
winking face emoji,Google10.png
smiling face with smiling eyes emoji,Google11.png
smiling face with halo emoji,Google12.png
smiling face with hearts emoji,Google13.png
smiling face with heart-eyes emoji,Google14.png
star-struck emoji,Google15.png
face blowing a kiss emoji,Google16.png
kissing face emoji,Google17.png
smiling face emoji,Google18.png
kissing face with closed eyes emoji,Google19.png
kissing face with smiling eyes emoji,Google20.png
smiling face with tear emoji,Google21.png
face savoring food emoji,Google22.png
face with tongue emoji,Google23.png
winking face with tongue emoji,Google24.png
zany face emoji,Google25.png
squinting face with tongue emoji,Google26.png
money-mouth face emoji,Google27.png
hugging face emoji,Google28.png
face with hand over mouth emoji,Google29.png
thinking face emoji,Google30.png
zipper-mouth face emoji,Google31.png
face with raised eyebrow emoji,Google32.png
neutral face emoji,Google33.png
expressionless face emoji,Google34.png
face without mouth emoji,Google35.png
face in clouds emoji,Google36.png
smirking face emoji,Google37.png
unamused face emoji,Google38.png
face with rolling eyes emoji,Google39.png
grimacing face emoji,Google40.png
face exhaling emoji,Google41.png
lying face emoji,Google42.png
relieved face emoji,Google43.png
pensive face emoji,Google44.png
sleepy face emoji,Google45.png
drooling face emoji,Google46.png
sleeping face emoji,Google47.png
face with medical mask emoji,Google48.png
face with thermometer emoji,Google49.png
nauseated face emoji,Google50.png
face vomiting emoji,Google51.png
hot face emoji,Google52.png
cold face emoji,Google53.png
woozy face emoji,Google54.png
knocked-out face emoji,Google55.png
face with spiral eyes emoji,Google56.png
exploding head emoji,Google57.png
cowboy hat face emoji,Google58.png
partying face emoji,Google59.png
disguised face emoji,Google60.png
smiling face with sunglasses emoji,Google61.png
nerd face emoji,Google62.png
face with monocle emoji,Google63.png
confused face emoji,Google64.png
worried face emoji,Google65.png
slightly frowning face emoji,Google66.png
frowning face emoji,Google67.png
face with open mouth emoji,Google68.png
hushed face emoji,Google69.png
astonished face emoji,Google70.png
flushed face emoji,Google71.png
pleading face emoji,Google72.png
anguished face emoji,Google73.png
fearful face emoji,Google74.png
anxious face with sweat emoji,Google75.png
sad but relieved face emoji,Google76.png
crying face emoji,Google77.png
loudly crying face emoji,Google78.png
face screaming in fear emoji,Google79.png
confounded face emoji,Google80.png
persevering face emoji,Google81.png
disappointed face emoji,Google82.png
downcast face with sweat emoji,Google83.png
weary face emoji,Google84.png
tired face emoji,Google85.png
yawning face emoji,Google86.png
face with steam from nose emoji,Google87.png
pouting face emoji,Google88.png
angry face emoji,Google89.png
face with symbols on mouth emoji,Google90.png
smiling face with horns emoji,Google91.png
angry face with horns emoji,Google92.png
grinning face emoji,Facebook0.png
grinning face with big eyes emoji,Facebook1.png
grinning face with smiling eyes emoji,Facebook2.png
beaming face with smiling eyes emoji,Facebook3.png
grinning squinting face emoji,Facebook4.png
grinning face with sweat emoji,Facebook5.png
rolling on the floor laughing emoji,Facebook6.png
face with tears of joy emoji,Facebook7.png
slightly smiling face emoji,Facebook8.png
upside-down face emoji,Facebook9.png
winking face emoji,Facebook10.png
smiling face with smiling eyes emoji,Facebook11.png
smiling face with halo emoji,Facebook12.png
smiling face with hearts emoji,Facebook13.png
smiling face with heart-eyes emoji,Facebook14.png
star-struck emoji,Facebook15.png
face blowing a kiss emoji,Facebook16.png
kissing face emoji,Facebook17.png
smiling face emoji,Facebook18.png
kissing face with closed eyes emoji,Facebook19.png
kissing face with smiling eyes emoji,Facebook20.png
face savoring food emoji,Facebook21.png
face with tongue emoji,Facebook22.png
winking face with tongue emoji,Facebook23.png
zany face emoji,Facebook24.png
squinting face with tongue emoji,Facebook25.png
money-mouth face emoji,Facebook26.png
hugging face emoji,Facebook27.png
face with hand over mouth emoji,Facebook28.png
thinking face emoji,Facebook29.png
zipper-mouth face emoji,Facebook30.png
face with raised eyebrow emoji,Facebook31.png
neutral face emoji,Facebook32.png
expressionless face emoji,Facebook33.png
face without mouth emoji,Facebook34.png
face in clouds emoji,Facebook35.png
smirking face emoji,Facebook36.png
unamused face emoji,Facebook37.png
face with rolling eyes emoji,Facebook38.png
grimacing face emoji,Facebook39.png
face exhaling emoji,Facebook40.png
lying face emoji,Facebook41.png
relieved face emoji,Facebook42.png
pensive face emoji,Facebook43.png
sleepy face emoji,Facebook44.png
drooling face emoji,Facebook45.png
sleeping face emoji,Facebook46.png
face with medical mask emoji,Facebook47.png
face with thermometer emoji,Facebook48.png
nauseated face emoji,Facebook49.png
face vomiting emoji,Facebook50.png
hot face emoji,Facebook51.png
cold face emoji,Facebook52.png
woozy face emoji,Facebook53.png
knocked-out face emoji,Facebook54.png
face with spiral eyes emoji,Facebook55.png
exploding head emoji,Facebook56.png
cowboy hat face emoji,Facebook57.png
partying face emoji,Facebook58.png
smiling face with sunglasses emoji,Facebook59.png
nerd face emoji,Facebook60.png
face with monocle emoji,Facebook61.png
confused face emoji,Facebook62.png
worried face emoji,Facebook63.png
slightly frowning face emoji,Facebook64.png
frowning face emoji,Facebook65.png
face with open mouth emoji,Facebook66.png
hushed face emoji,Facebook67.png
astonished face emoji,Facebook68.png
flushed face emoji,Facebook69.png
pleading face emoji,Facebook70.png
anguished face emoji,Facebook71.png
fearful face emoji,Facebook72.png
anxious face with sweat emoji,Facebook73.png
sad but relieved face emoji,Facebook74.png
crying face emoji,Facebook75.png
loudly crying face emoji,Facebook76.png
face screaming in fear emoji,Facebook77.png
confounded face emoji,Facebook78.png
persevering face emoji,Facebook79.png
disappointed face emoji,Facebook80.png
downcast face with sweat emoji,Facebook81.png
weary face emoji,Facebook82.png
tired face emoji,Facebook83.png
yawning face emoji,Facebook84.png
face with steam from nose emoji,Facebook85.png
pouting face emoji,Facebook86.png
angry face emoji,Facebook87.png
face with symbols on mouth emoji,Facebook88.png
smiling face with horns emoji,Facebook89.png
angry face with horns emoji,Facebook90.png
grinning face emoji,Samsung0.png
grinning face with big eyes emoji,Samsung1.png
grinning face with smiling eyes emoji,Samsung2.png
beaming face with smiling eyes emoji,Samsung3.png
grinning squinting face emoji,Samsung4.png
grinning face with sweat emoji,Samsung5.png
rolling on the floor laughing emoji,Samsung6.png
face with tears of joy emoji,Samsung7.png
slightly smiling face emoji,Samsung8.png
upside-down face emoji,Samsung9.png
winking face emoji,Samsung10.png
smiling face with smiling eyes emoji,Samsung11.png
smiling face with halo emoji,Samsung12.png
smiling face with hearts emoji,Samsung13.png
smiling face with heart-eyes emoji,Samsung14.png
star-struck emoji,Samsung15.png
face blowing a kiss emoji,Samsung16.png
kissing face emoji,Samsung17.png
smiling face emoji,Samsung18.png
kissing face with closed eyes emoji,Samsung19.png
kissing face with smiling eyes emoji,Samsung20.png
face savoring food emoji,Samsung21.png
face with tongue emoji,Samsung22.png
winking face with tongue emoji,Samsung23.png
zany face emoji,Samsung24.png
squinting face with tongue emoji,Samsung25.png
money-mouth face emoji,Samsung26.png
hugging face emoji,Samsung27.png
face with hand over mouth emoji,Samsung28.png
thinking face emoji,Samsung29.png
zipper-mouth face emoji,Samsung30.png
face with raised eyebrow emoji,Samsung31.png
neutral face emoji,Samsung32.png
expressionless face emoji,Samsung33.png
face without mouth emoji,Samsung34.png
face in clouds emoji,Samsung35.png
smirking face emoji,Samsung36.png
unamused face emoji,Samsung37.png
face with rolling eyes emoji,Samsung38.png
grimacing face emoji,Samsung39.png
face exhaling emoji,Samsung40.png
lying face emoji,Samsung41.png
relieved face emoji,Samsung42.png
pensive face emoji,Samsung43.png
sleepy face emoji,Samsung44.png
drooling face emoji,Samsung45.png
sleeping face emoji,Samsung46.png
face with medical mask emoji,Samsung47.png
face with thermometer emoji,Samsung48.png
nauseated face emoji,Samsung49.png
face vomiting emoji,Samsung50.png
hot face emoji,Samsung51.png
cold face emoji,Samsung52.png
woozy face emoji,Samsung53.png
knocked-out face emoji,Samsung54.png
face with spiral eyes emoji,Samsung55.png
exploding head emoji,Samsung56.png
cowboy hat face emoji,Samsung57.png
partying face emoji,Samsung58.png
smiling face with sunglasses emoji,Samsung59.png
nerd face emoji,Samsung60.png
face with monocle emoji,Samsung61.png
confused face emoji,Samsung62.png
worried face emoji,Samsung63.png
slightly frowning face emoji,Samsung64.png
face with open mouth emoji,Samsung65.png
hushed face emoji,Samsung66.png
astonished face emoji,Samsung67.png
flushed face emoji,Samsung68.png
pleading face emoji,Samsung69.png
anguished face emoji,Samsung70.png
fearful face emoji,Samsung71.png
anxious face with sweat emoji,Samsung72.png
sad but relieved face emoji,Samsung73.png
crying face emoji,Samsung74.png
loudly crying face emoji,Samsung75.png
face screaming in fear emoji,Samsung76.png
confounded face emoji,Samsung77.png
persevering face emoji,Samsung78.png
disappointed face emoji,Samsung79.png
downcast face with sweat emoji,Samsung80.png
weary face emoji,Samsung81.png
tired face emoji,Samsung82.png
yawning face emoji,Samsung83.png
face with steam from nose emoji,Samsung84.png
pouting face emoji,Samsung85.png
angry face emoji,Samsung86.png
face with symbols on mouth emoji,Samsung87.png
smiling face with horns emoji,Samsung88.png
angry face with horns emoji,Samsung89.png
grinning face emoji,Windows0.png
grinning face with big eyes emoji,Windows1.png
grinning face with smiling eyes emoji,Windows2.png
beaming face with smiling eyes emoji,Windows3.png
grinning squinting face emoji,Windows4.png
grinning face with sweat emoji,Windows5.png
rolling on the floor laughing emoji,Windows6.png
face with tears of joy emoji,Windows7.png
slightly smiling face emoji,Windows8.png
upside-down face emoji,Windows9.png
winking face emoji,Windows10.png
smiling face with smiling eyes emoji,Windows11.png
smiling face with halo emoji,Windows12.png
smiling face with hearts emoji,Windows13.png
smiling face with heart-eyes emoji,Windows14.png
star-struck emoji,Windows15.png
face blowing a kiss emoji,Windows16.png
kissing face emoji,Windows17.png
smiling face emoji,Windows18.png
kissing face with closed eyes emoji,Windows19.png
kissing face with smiling eyes emoji,Windows20.png
face savoring food emoji,Windows21.png
face with tongue emoji,Windows22.png
winking face with tongue emoji,Windows23.png
zany face emoji,Windows24.png
squinting face with tongue emoji,Windows25.png
money-mouth face emoji,Windows26.png
hugging face emoji,Windows27.png
face with hand over mouth emoji,Windows28.png
thinking face emoji,Windows29.png
zipper-mouth face emoji,Windows30.png
face with raised eyebrow emoji,Windows31.png
neutral face emoji,Windows32.png
expressionless face emoji,Windows33.png
face without mouth emoji,Windows34.png
face in clouds emoji,Windows35.png
smirking face emoji,Windows36.png
unamused face emoji,Windows37.png
face with rolling eyes emoji,Windows38.png
grimacing face emoji,Windows39.png
face exhaling emoji,Windows40.png
lying face emoji,Windows41.png
relieved face emoji,Windows42.png
pensive face emoji,Windows43.png
sleepy face emoji,Windows44.png
drooling face emoji,Windows45.png
sleeping face emoji,Windows46.png
face with medical mask emoji,Windows47.png
face with thermometer emoji,Windows48.png
nauseated face emoji,Windows49.png
face vomiting emoji,Windows50.png
hot face emoji,Windows51.png
cold face emoji,Windows52.png
woozy face emoji,Windows53.png
knocked-out face emoji,Windows54.png
face with spiral eyes emoji,Windows55.png
exploding head emoji,Windows56.png
cowboy hat face emoji,Windows57.png
partying face emoji,Windows58.png
smiling face with sunglasses emoji,Windows59.png
nerd face emoji,Windows60.png
face with monocle emoji,Windows61.png
confused face emoji,Windows62.png
worried face emoji,Windows63.png
slightly frowning face emoji,Windows64.png
frowning face emoji,Windows65.png
face with open mouth emoji,Windows66.png
hushed face emoji,Windows67.png
astonished face emoji,Windows68.png
flushed face emoji,Windows69.png
pleading face emoji,Windows70.png
anguished face emoji,Windows71.png
fearful face emoji,Windows72.png
anxious face with sweat emoji,Windows73.png
sad but relieved face emoji,Windows74.png
crying face emoji,Windows75.png
loudly crying face emoji,Windows76.png
face screaming in fear emoji,Windows77.png
confounded face emoji,Windows78.png
persevering face emoji,Windows79.png
disappointed face emoji,Windows80.png
downcast face with sweat emoji,Windows81.png
weary face emoji,Windows82.png
tired face emoji,Windows83.png
yawning face emoji,Windows84.png
face with steam from nose emoji,Windows85.png
pouting face emoji,Windows86.png
angry face emoji,Windows87.png
face with symbols on mouth emoji,Windows88.png
smiling face with horns emoji,Windows89.png
angry face with horns emoji,Windows90.png
grinning face emoji,Twitter0.png
grinning face with big eyes emoji,Twitter1.png
grinning face with smiling eyes emoji,Twitter2.png
beaming face with smiling eyes emoji,Twitter3.png
grinning squinting face emoji,Twitter4.png
grinning face with sweat emoji,Twitter5.png
rolling on the floor laughing emoji,Twitter6.png
face with tears of joy emoji,Twitter7.png
slightly smiling face emoji,Twitter8.png
upside-down face emoji,Twitter9.png
winking face emoji,Twitter10.png
smiling face with smiling eyes emoji,Twitter11.png
smiling face with halo emoji,Twitter12.png
smiling face with hearts emoji,Twitter13.png
smiling face with heart-eyes emoji,Twitter14.png
star-struck emoji,Twitter15.png
face blowing a kiss emoji,Twitter16.png
kissing face emoji,Twitter17.png
smiling face emoji,Twitter18.png
kissing face with closed eyes emoji,Twitter19.png
kissing face with smiling eyes emoji,Twitter20.png
smiling face with tear emoji,Twitter21.png
face savoring food emoji,Twitter22.png
face with tongue emoji,Twitter23.png
winking face with tongue emoji,Twitter24.png
zany face emoji,Twitter25.png
squinting face with tongue emoji,Twitter26.png
money-mouth face emoji,Twitter27.png
hugging face emoji,Twitter28.png
face with hand over mouth emoji,Twitter29.png
thinking face emoji,Twitter30.png
zipper-mouth face emoji,Twitter31.png
face with raised eyebrow emoji,Twitter32.png
neutral face emoji,Twitter33.png
expressionless face emoji,Twitter34.png
face without mouth emoji,Twitter35.png
face in clouds emoji,Twitter36.png
smirking face emoji,Twitter37.png
unamused face emoji,Twitter38.png
face with rolling eyes emoji,Twitter39.png
grimacing face emoji,Twitter40.png
face exhaling emoji,Twitter41.png
lying face emoji,Twitter42.png
relieved face emoji,Twitter43.png
pensive face emoji,Twitter44.png
sleepy face emoji,Twitter45.png
drooling face emoji,Twitter46.png
sleeping face emoji,Twitter47.png
face with medical mask emoji,Twitter48.png
face with thermometer emoji,Twitter49.png
nauseated face emoji,Twitter50.png
face vomiting emoji,Twitter51.png
hot face emoji,Twitter52.png
cold face emoji,Twitter53.png
woozy face emoji,Twitter54.png
knocked-out face emoji,Twitter55.png
face with spiral eyes emoji,Twitter56.png
exploding head emoji,Twitter57.png
cowboy hat face emoji,Twitter58.png
partying face emoji,Twitter59.png
disguised face emoji,Twitter60.png
smiling face with sunglasses emoji,Twitter61.png
nerd face emoji,Twitter62.png
face with monocle emoji,Twitter63.png
confused face emoji,Twitter64.png
worried face emoji,Twitter65.png
slightly frowning face emoji,Twitter66.png
frowning face emoji,Twitter67.png
face with open mouth emoji,Twitter68.png
hushed face emoji,Twitter69.png
astonished face emoji,Twitter70.png
flushed face emoji,Twitter71.png
pleading face emoji,Twitter72.png
anguished face emoji,Twitter73.png
fearful face emoji,Twitter74.png
anxious face with sweat emoji,Twitter75.png
sad but relieved face emoji,Twitter76.png
crying face emoji,Twitter77.png
loudly crying face emoji,Twitter78.png
face screaming in fear emoji,Twitter79.png
confounded face emoji,Twitter80.png
persevering face emoji,Twitter81.png
disappointed face emoji,Twitter82.png
downcast face with sweat emoji,Twitter83.png
weary face emoji,Twitter84.png
tired face emoji,Twitter85.png
yawning face emoji,Twitter86.png
face with steam from nose emoji,Twitter87.png
pouting face emoji,Twitter88.png
angry face emoji,Twitter89.png
face with symbols on mouth emoji,Twitter90.png
smiling face with horns emoji,Twitter91.png
angry face with horns emoji,Twitter92.png
grinning face emoji,JoyPixels0.png
grinning face with big eyes emoji,JoyPixels1.png
grinning face with smiling eyes emoji,JoyPixels2.png
beaming face with smiling eyes emoji,JoyPixels3.png
grinning squinting face emoji,JoyPixels4.png
grinning face with sweat emoji,JoyPixels5.png
rolling on the floor laughing emoji,JoyPixels6.png
face with tears of joy emoji,JoyPixels7.png
slightly smiling face emoji,JoyPixels8.png
upside-down face emoji,JoyPixels9.png
winking face emoji,JoyPixels10.png
smiling face with smiling eyes emoji,JoyPixels11.png
smiling face with halo emoji,JoyPixels12.png
smiling face with hearts emoji,JoyPixels13.png
smiling face with heart-eyes emoji,JoyPixels14.png
star-struck emoji,JoyPixels15.png
face blowing a kiss emoji,JoyPixels16.png
kissing face emoji,JoyPixels17.png
smiling face emoji,JoyPixels18.png
kissing face with closed eyes emoji,JoyPixels19.png
kissing face with smiling eyes emoji,JoyPixels20.png
smiling face with tear emoji,JoyPixels21.png
face savoring food emoji,JoyPixels22.png
face with tongue emoji,JoyPixels23.png
winking face with tongue emoji,JoyPixels24.png
zany face emoji,JoyPixels25.png
squinting face with tongue emoji,JoyPixels26.png
money-mouth face emoji,JoyPixels27.png
hugging face emoji,JoyPixels28.png
face with hand over mouth emoji,JoyPixels29.png
thinking face emoji,JoyPixels30.png
zipper-mouth face emoji,JoyPixels31.png
face with raised eyebrow emoji,JoyPixels32.png
neutral face emoji,JoyPixels33.png
expressionless face emoji,JoyPixels34.png
face without mouth emoji,JoyPixels35.png
face in clouds emoji,JoyPixels36.png
smirking face emoji,JoyPixels37.png
unamused face emoji,JoyPixels38.png
face with rolling eyes emoji,JoyPixels39.png
grimacing face emoji,JoyPixels40.png
face exhaling emoji,JoyPixels41.png
lying face emoji,JoyPixels42.png
relieved face emoji,JoyPixels43.png
pensive face emoji,JoyPixels44.png
sleepy face emoji,JoyPixels45.png
drooling face emoji,JoyPixels46.png
sleeping face emoji,JoyPixels47.png
face with medical mask emoji,JoyPixels48.png
face with thermometer emoji,JoyPixels49.png
nauseated face emoji,JoyPixels50.png
face vomiting emoji,JoyPixels51.png
hot face emoji,JoyPixels52.png
cold face emoji,JoyPixels53.png
woozy face emoji,JoyPixels54.png
knocked-out face emoji,JoyPixels55.png
face with spiral eyes emoji,JoyPixels56.png
exploding head emoji,JoyPixels57.png
cowboy hat face emoji,JoyPixels58.png
partying face emoji,JoyPixels59.png
disguised face emoji,JoyPixels60.png
smiling face with sunglasses emoji,JoyPixels61.png
nerd face emoji,JoyPixels62.png
face with monocle emoji,JoyPixels63.png
confused face emoji,JoyPixels64.png
worried face emoji,JoyPixels65.png
slightly frowning face emoji,JoyPixels66.png
frowning face emoji,JoyPixels67.png
face with open mouth emoji,JoyPixels68.png
hushed face emoji,JoyPixels69.png
astonished face emoji,JoyPixels70.png
flushed face emoji,JoyPixels71.png
pleading face emoji,JoyPixels72.png
anguished face emoji,JoyPixels73.png
fearful face emoji,JoyPixels74.png
anxious face with sweat emoji,JoyPixels75.png
sad but relieved face emoji,JoyPixels76.png
crying face emoji,JoyPixels77.png
loudly crying face emoji,JoyPixels78.png
face screaming in fear emoji,JoyPixels79.png
confounded face emoji,JoyPixels80.png
persevering face emoji,JoyPixels81.png
disappointed face emoji,JoyPixels82.png
downcast face with sweat emoji,JoyPixels83.png
weary face emoji,JoyPixels84.png
tired face emoji,JoyPixels85.png
yawning face emoji,JoyPixels86.png
face with steam from nose emoji,JoyPixels87.png
pouting face emoji,JoyPixels88.png
angry face emoji,JoyPixels89.png
face with symbols on mouth emoji,JoyPixels90.png
smiling face with horns emoji,JoyPixels91.png
angry face with horns emoji,JoyPixels92.png
